,,Overall,,,,,,,Conf.,,,Home,,,Away,,,Points,,,Opponent Advanced,,,,,,,,,,,,
Rk,School,G,W,L,W-L%,SRS,SOS,,W,L,,W,L,,W,L,,Tm.,Opp.,,Pace,ORtg,FTr,3PAr,TS%,TRB%,AST%,STL%,BLK%,eFG%,TOV%,ORB%,FT/FGA
1,Abilene Christian,12,5,7,.417,-3.38,0.62,,0,2,,2,3,,1,3,,909,902,,73.8,100.8,.450,.336,.550,53.1,45.9,9.3,7.8,.509,19.3,30.6,.319
2,Air Force,12,7,5,.583,-4.33,-8.50,,,,,4,3,,3,1,,830,780,,65.9,97.6,.322,.374,.518,51.2,50.2,8.5,9.7,.482,17.9,28.0,.231
3,Akron,11,8,3,.727,3.30,0.52,,,,,5,0,,2,1,,861,735,,68.4,96.6,.242,.354,.522,45.0,52.0,11.4,6.4,.505,17.5,24.9,.153
4,Alabama,12,7,5,.583,24.56,9.89,,,,,6,1,,0,1,,1106,930,,73.9,104.8,.382,.358,.535,46.2,43.5,9.4,11.3,.496,14.6,28.9,.273
5,Alabama A&M,12,1,11,.083,-18.59,-0.51,,,,,1,2,,0,8,,837,1054,,74.2,117.1,.492,.428,.606,54.1,61.7,12.1,8.0,.565,17.0,35.9,.365
6,Alabama State,11,4,7,.364,-7.88,6.23,,,,,2,1,,0,6,,794,837,,72.7,103.6,.414,.471,.538,50.4,59.5,8.9,9.0,.497,16.4,29.1,.294
7,Albany (NY),13,7,6,.538,-6.31,-5.06,,,,,5,0,,2,5,,998,974,,74.8,100.2,.336,.280,.512,49.1,45.5,9.4,10.8,.473,14.7,30.1,.240
8,Alcorn State,13,1,12,.077,-14.84,7.08,,,,,1,0,,0,12,,888,1143,,71.4,123.2,.413,.520,.624,53.4,69.0,9.3,11.2,.596,14.4,32.6,.300
9,American,12,5,7,.417,-9.21,-4.58,,,,,4,1,,1,6,,871,893,,65.1,113.2,.327,.430,.585,47.9,50.6,7.4,8.6,.564,14.2,27.1,.226
10,Appalachian State,12,9,3,.750,5.32,-1.99,,,,,5,0,,1,2,,955,768,,70.3,90.0,.266,.388,.453,46.5,44.0,7.4,5.5,.420,14.1,25.8,.179
11,Arizona,11,9,2,.818,32.41,10.13,,,,,6,0,,1,0,,1018,773,,76.0,90.4,.243,.394,.499,40.4,50.9,9.8,5.7,.473,17.8,20.6,.165
12,Arizona State,11,6,5,.545,3.81,6.44,,,,,5,0,,0,1,,736,765,,71.5,97.2,.227,.395,.496,54.7,55.4,9.0,5.8,.472,16.9,31.3,.155
13,Arkansas,12,8,4,.667,9.23,4.15,,,,,7,1,,0,0,,964,903,,72.5,101.7,.362,.354,.513,48.0,48.6,9.2,4.0,.475,13.6,27.0,.252
14,Arkansas State,12,4,8,.333,-3.32,0.35,,,,,2,1,,1,6,,891,935,,71.9,108.3,.438,.277,.543,49.1,44.7,12.2,14.7,.494,12.9,29.6,.324
15,Arkansas-Pine Bluff,13,5,8,.385,-17.25,4.19,,,,,4,1,,1,7,,1130,1161,,77.4,115.3,.343,.406,.592,53.2,62.7,9.1,12.5,.564,15.4,32.1,.249
16,Army,12,3,9,.250,-13.45,-7.36,,,,,2,4,,1,5,,742,774,,65.8,97.1,.339,.396,.528,48.2,52.6,10.9,11.0,.494,16.7,22.2,.239
17,Auburn,11,9,2,.818,18.07,1.61,,,,,5,0,,0,1,,914,733,,71.6,93.0,.397,.330,.493,45.5,42.4,9.4,6.7,.436,17.2,26.8,.301
18,Austin Peay,14,7,7,.500,-6.65,-1.20,,,,,5,1,,1,5,,939,900,,65.3,98.4,.358,.426,.514,50.5,57.0,6.9,6.0,.477,17.3,28.9,.247
19,Ball State,12,8,4,.667,-5.50,-4.10,,,,,7,0,,1,3,,900,812,,68.1,99.4,.267,.346,.532,46.4,49.8,8.7,7.5,.508,16.6,24.6,.183
20,Baylor,12,10,2,.833,20.59,1.23,,,,,7,0,,0,0,,1061,822,,70.0,97.9,.291,.321,.518,43.9,50.2,9.8,10.3,.482,17.0,29.2,.215
21,Bellarmine,14,4,10,.286,-8.43,5.76,,,,,3,2,,1,8,,942,1004,,68.3,105.0,.238,.419,.540,52.5,52.7,7.9,10.3,.517,15.3,28.7,.169
22,Belmont,13,9,4,.692,-0.48,0.27,,2,0,,5,0,,3,3,,1054,1029,,73.6,106.4,.243,.391,.539,51.7,52.8,9.9,8.1,.519,14.7,30.7,.166
23,Bethune-Cookman,11,5,6,.455,-13.56,-6.67,,,,,4,0,,1,4,,826,780,,75.1,94.4,.464,.390,.528,50.4,52.0,11.0,5.9,.480,22.9,33.0,.329
24,Binghamton,12,7,5,.583,-8.89,-4.62,,,,,5,0,,2,5,,877,870,,70.0,103.6,.306,.379,.516,47.6,47.2,9.8,11.6,.485,12.5,27.0,.212
25,Boise State,12,8,4,.667,11.10,7.30,,,,,6,0,,0,1,,901,790,,68.6,95.9,.283,.334,.519,45.7,45.9,8.0,9.7,.487,16.5,22.4,.204
26,Boston College,12,9,3,.750,8.98,0.40,,0,1,,6,1,,2,0,,953,850,,70.0,100.2,.262,.374,.524,48.1,49.5,7.7,8.2,.488,16.1,26.2,.202
27,Boston University,12,4,8,.333,-9.89,-4.70,,,,,2,2,,2,6,,783,799,,67.9,98.0,.364,.425,.530,48.2,51.3,10.1,7.8,.495,15.7,19.8,.255
28,Bowling Green State,12,9,3,.750,-1.53,-5.33,,,,,6,1,,1,1,,888,781,,71.5,91.0,.229,.330,.480,47.8,43.1,9.4,10.2,.458,16.3,24.7,.149
29,Bradley,12,7,5,.583,3.65,2.06,,0,2,,4,2,,1,2,,865,846,,67.7,102.1,.362,.359,.505,51.4,44.3,11.9,6.8,.464,14.8,33.4,.256
30,Brigham Young,12,11,1,.917,28.29,-0.80,,,,,8,0,,0,1,,1081,732,,71.0,85.9,.229,.343,.470,40.9,48.4,8.1,5.1,.445,16.9,19.4,.151
31,Brown,13,4,9,.308,-8.48,-3.23,,,,,2,2,,1,5,,907,929,,70.1,100.0,.336,.365,.532,48.3,51.2,9.6,11.6,.505,16.9,25.6,.223
32,Bryant,14,8,6,.571,-3.73,-0.82,,,,,4,1,,3,5,,1115,1055,,76.1,97.2,.343,.350,.477,54.6,50.3,9.4,9.1,.438,14.1,32.3,.233
33,Bucknell,12,3,9,.250,-8.59,1.41,,,,,1,3,,2,6,,747,867,,65.0,111.2,.277,.452,.571,52.8,61.5,11.2,11.2,.548,14.4,29.7,.197
34,Buffalo,11,1,10,.091,-12.65,2.65,,,,,1,4,,0,4,,744,891,,72.0,112.5,.299,.381,.574,48.6,56.0,12.8,10.2,.557,13.4,28.0,.196
35,Butler,13,10,3,.769,14.44,3.19,,1,1,,8,0,,0,2,,1081,920,,70.0,97.5,.209,.391,.496,48.2,49.0,9.7,10.5,.475,15.1,29.4,.141
36,Cal Poly,12,4,8,.333,-11.54,-2.35,,,,,3,1,,0,6,,781,864,,65.8,106.0,.422,.351,.538,53.5,46.4,8.6,8.8,.498,15.4,32.6,.296
37,Cal State Bakersfield,11,5,6,.455,-9.13,-2.02,,,,,4,0,,0,5,,785,768,,67.1,104.1,.377,.400,.541,48.9,51.0,6.1,5.0,.504,17.1,33.3,.267
38,Cal State Fullerton,12,7,5,.583,-7.62,-0.32,,,,,4,0,,2,4,,815,808,,67.9,99.1,.294,.402,.516,50.4,54.1,10.2,8.9,.488,16.7,29.8,.201
39,Cal State Northridge,12,9,3,.750,-2.81,-8.61,,,,,5,1,,4,2,,962,835,,75.7,91.9,.357,.463,.496,41.7,58.8,10.8,7.3,.457,16.9,22.0,.246
40,California,11,4,7,.364,1.12,1.03,,,,,4,2,,0,1,,836,835,,68.0,107.9,.344,.379,.551,46.5,43.9,9.2,8.4,.510,13.3,27.0,.261
41,California Baptist,11,7,4,.636,-0.69,-3.25,,1,1,,5,3,,2,1,,774,724,,67.8,97.2,.261,.288,.512,45.6,43.2,7.9,8.4,.481,15.0,22.0,.189
42,Campbell,12,6,6,.500,-9.29,-3.96,,,,,6,2,,0,4,,814,753,,65.0,95.6,.261,.402,.493,50.2,52.0,10.4,7.9,.459,17.2,30.4,.191
43,Canisius,12,6,6,.500,1.22,1.22,,1,1,,3,1,,1,4,,924,884,,71.5,103.0,.336,.315,.512,49.0,44.5,9.4,11.0,.482,14.2,32.0,.224
44,Central Arkansas,13,3,10,.231,-16.43,-5.85,,,,,2,4,,1,6,,899,983,,70.0,108.0,.371,.406,.548,52.4,50.6,11.1,7.3,.519,15.5,33.7,.250
45,Central Connecticut State,12,5,7,.417,-7.76,-4.49,,,,,2,2,,3,5,,856,835,,69.6,100.0,.308,.350,.529,51.5,57.1,10.4,6.9,.504,17.0,28.9,.203
46,Central Florida,11,8,3,.727,9.43,-2.29,,,,,6,2,,0,1,,845,716,,71.4,90.1,.401,.377,.502,46.0,53.4,10.7,8.5,.453,20.1,24.5,.289
47,Central Michigan,11,5,6,.455,-10.90,0.50,,,,,3,1,,1,4,,750,840,,69.3,110.1,.299,.409,.569,51.9,57.7,9.7,7.9,.534,16.3,32.6,.232
48,Charleston Southern,12,4,8,.333,-15.26,-1.71,,,,,4,2,,0,6,,861,883,,68.3,107.7,.336,.291,.531,51.1,41.2,9.8,4.9,.495,12.4,30.1,.241
49,Charlotte,11,6,5,.545,6.06,4.16,,,,,5,1,,0,2,,749,683,,63.3,97.0,.289,.368,.507,49.5,47.5,8.2,7.5,.470,15.9,25.7,.213
50,Chattanooga,12,8,4,.667,-4.87,-7.57,,,,,6,1,,2,3,,959,826,,69.3,97.3,.268,.412,.493,46.0,46.4,8.2,9.5,.471,14.3,26.2,.170
51,Chicago State,17,7,10,.412,-9.54,-4.01,,,,,3,5,,3,4,,1104,1198,,67.6,103.5,.357,.367,.554,52.1,50.6,10.7,8.4,.522,19.4,33.5,.253
52,Cincinnati,12,10,2,.833,14.97,-1.12,,,,,9,0,,1,1,,991,798,,70.1,94.0,.280,.362,.502,41.1,49.6,7.8,9.9,.462,14.9,19.9,.214
53,Clemson,11,10,1,.909,17.07,5.98,,1,0,,5,0,,2,1,,894,772,,69.7,100.7,.347,.414,.500,47.0,46.2,9.3,5.9,.460,11.9,25.6,.246
54,Cleveland State,13,8,5,.615,-0.38,-2.13,,1,1,,7,0,,1,5,,990,908,,69.6,100.3,.373,.373,.525,50.7,52.1,9.3,7.7,.503,19.2,37.1,.229
55,Coastal Carolina,11,3,8,.273,-8.15,-2.26,,,,,3,7,,0,1,,887,874,,72.5,108.4,.294,.501,.517,46.7,55.8,10.4,7.6,.489,12.2,33.1,.199
56,Colgate,12,6,6,.500,0.38,4.02,,,,,3,1,,1,4,,836,798,,67.8,98.2,.251,.415,.509,49.1,55.0,8.2,8.2,.482,15.2,25.1,.174
57,College of Charleston,12,8,4,.667,4.14,2.89,,,,,5,0,,2,1,,925,910,,72.4,104.7,.301,.367,.542,49.2,42.6,9.9,12.0,.510,15.6,28.1,.218
58,Colorado,11,9,2,.818,17.40,0.21,,,,,7,0,,0,1,,948,759,,71.1,96.0,.324,.365,.517,41.3,38.2,12.0,6.9,.478,16.9,23.2,.237
59,Colorado State,12,11,1,.917,19.05,6.60,,,,,6,1,,2,0,,995,826,,69.4,99.3,.276,.373,.528,49.7,43.5,7.0,7.5,.496,17.0,26.5,.204
60,Columbia,11,8,3,.727,-4.05,-7.38,,,,,6,1,,2,2,,865,740,,71.0,94.8,.245,.444,.499,47.7,54.6,9.0,10.4,.469,17.7,28.5,.176
61,Connecticut,13,11,2,.846,18.63,-0.14,,1,1,,7,0,,0,2,,1079,835,,67.4,95.3,.333,.307,.492,42.4,47.3,8.8,8.6,.458,15.0,25.7,.224
62,Coppin State,13,1,12,.077,-21.33,-2.63,,,,,1,2,,0,9,,708,951,,68.1,107.5,.332,.417,.559,57.6,62.3,13.3,8.7,.524,18.7,38.7,.248
63,Cornell,11,9,2,.818,0.95,-5.25,,,,,2,0,,5,2,,939,856,,75.6,102.9,.318,.429,.535,48.2,50.5,11.5,9.4,.517,16.5,29.4,.197
64,Creighton,12,9,3,.750,21.69,5.36,,0,1,,6,1,,2,1,,996,800,,67.9,97.2,.131,.261,.474,43.6,36.4,9.6,8.2,.456,9.4,22.9,.096
65,Dartmouth,12,4,8,.333,-14.03,-2.73,,,,,4,2,,0,6,,747,813,,67.7,100.1,.216,.376,.518,50.1,46.8,11.1,10.1,.496,14.5,23.8,.149
66,Davidson,12,9,3,.750,4.01,0.61,,,,,7,0,,1,2,,875,783,,64.9,100.5,.224,.440,.522,48.7,55.0,8.1,8.2,.500,15.3,26.5,.155
67,Dayton,11,9,2,.818,14.42,5.61,,,,,5,0,,1,1,,815,718,,63.3,103.2,.214,.349,.499,49.8,49.6,9.8,10.7,.472,13.7,33.2,.155
68,Delaware,12,8,4,.667,0.45,-3.65,,,,,2,1,,4,1,,922,844,,69.1,100.7,.300,.359,.520,49.6,44.4,8.6,11.4,.490,15.2,28.3,.208
69,Delaware State,15,6,9,.400,-12.75,-3.82,,,,,2,2,,2,6,,1085,1121,,72.1,100.4,.355,.410,.562,46.2,55.8,10.1,5.7,.532,18.9,24.8,.251
70,Denver,13,8,5,.615,-0.29,0.26,,,,,5,0,,2,4,,1085,995,,71.8,106.5,.256,.346,.523,48.6,47.2,7.1,12.2,.496,12.5,30.5,.180
71,DePaul,11,2,9,.182,-2.91,7.45,,0,1,,2,6,,0,1,,733,847,,69.8,110.3,.306,.347,.553,54.0,53.1,10.8,8.8,.525,14.2,32.2,.217
72,Detroit Mercy,13,0,13,.000,-15.19,1.28,,0,2,,0,3,,0,10,,798,1012,,67.6,115.1,.311,.367,.586,54.2,59.8,9.7,8.5,.557,14.6,33.0,.233
73,Drake,13,11,2,.846,8.75,-2.33,,2,0,,7,0,,1,1,,1023,870,,68.5,96.8,.299,.373,.525,48.5,39.4,7.8,7.3,.501,18.2,25.8,.197
74,Drexel,13,7,6,.538,0.37,-1.47,,,,,4,1,,2,5,,917,827,,66.5,94.7,.252,.339,.484,42.8,50.0,9.4,6.8,.453,13.4,23.5,.178
75,Duke,11,8,3,.727,20.41,5.60,,0,1,,6,1,,0,2,,894,731,,68.6,96.9,.274,.379,.522,46.7,55.1,6.0,13.3,.494,16.6,23.5,.192
76,Duquesne,11,8,3,.727,7.90,1.72,,,,,5,1,,1,1,,838,770,,68.6,102.1,.335,.362,.521,49.1,48.1,8.0,10.9,.485,16.4,31.4,.237
77,East Carolina,12,7,5,.583,0.00,-3.63,,,,,7,3,,0,1,,894,824,,67.1,102.4,.335,.427,.532,47.9,51.2,8.4,8.9,.501,16.9,30.7,.232
78,East Tennessee State,12,7,5,.583,-5.41,-1.81,,,,,5,0,,1,5,,853,810,,70.5,95.7,.384,.350,.504,49.4,45.8,8.9,10.3,.462,17.5,29.1,.268
79,Eastern Illinois,13,6,7,.462,-10.89,-0.23,,,,,5,1,,0,6,,921,842,,68.8,94.1,.319,.395,.525,45.9,60.3,10.1,8.7,.489,19.2,22.6,.231
80,Eastern Kentucky,12,4,8,.333,-12.07,-0.84,,,,,4,3,,0,5,,1016,958,,76.5,103.2,.279,.387,.535,46.3,52.3,10.9,5.0,.511,16.1,29.8,.190
81,Eastern Michigan,11,6,5,.545,-10.57,-1.77,,,,,4,1,,2,3,,740,813,,66.8,110.6,.299,.403,.545,51.9,50.7,10.3,6.7,.519,12.9,30.1,.207
82,Eastern Washington,11,4,7,.364,-5.14,7.53,,,,,2,0,,2,7,,824,818,,72.1,103.2,.353,.348,.532,50.8,52.4,9.6,10.2,.496,15.5,28.5,.251
83,Elon,12,6,6,.500,-10.59,-4.59,,,,,4,0,,0,6,,965,920,,70.6,108.5,.284,.384,.545,48.3,46.7,8.6,8.3,.517,14.0,31.2,.203
84,Evansville,12,10,2,.833,2.61,-4.11,,1,1,,6,0,,3,2,,990,846,,72.7,95.1,.257,.431,.509,47.1,49.0,7.3,7.2,.484,16.6,22.9,.176
85,Fairfield,12,6,6,.500,-6.60,-5.33,,1,1,,2,2,,4,3,,884,851,,70.3,100.9,.267,.342,.517,51.5,49.2,10.0,8.7,.490,16.7,32.4,.185
86,Fairleigh Dickinson,13,6,7,.462,-16.30,-7.66,,,,,3,2,,3,4,,1060,1053,,76.0,106.7,.326,.405,.551,51.6,56.8,9.4,8.0,.518,16.0,30.6,.237
87,Florida,12,9,3,.750,15.50,3.91,,,,,5,0,,0,1,,1025,886,,73.1,99.0,.318,.325,.505,42.6,45.0,12.0,7.4,.474,14.0,26.9,.214
88,Florida A&M,10,2,8,.200,-11.88,12.37,,,,,1,2,,1,5,,654,825,,71.0,113.3,.471,.402,.571,53.0,53.3,12.2,9.4,.544,14.4,31.7,.310
89,Florida Atlantic,12,10,2,.833,22.69,8.52,,,,,4,1,,0,0,,1014,844,,70.0,98.4,.270,.367,.510,47.2,40.2,8.0,6.0,.478,16.5,29.6,.195
90,Florida Gulf Coast,14,5,9,.357,-8.57,0.61,,,,,3,1,,1,5,,954,1010,,65.4,109.3,.283,.408,.545,49.0,53.7,11.0,7.1,.520,13.4,30.0,.196
91,Florida International,14,5,9,.357,-6.98,-1.29,,,,,4,3,,1,3,,1076,1059,,74.3,101.8,.398,.399,.568,51.6,55.2,10.5,11.5,.538,21.5,33.5,.276
92,Florida State,11,6,5,.545,8.23,5.32,,0,1,,4,2,,0,2,,839,807,,73.3,98.9,.453,.388,.524,51.2,48.9,8.6,7.5,.485,18.8,32.6,.303
93,Fordham,12,5,7,.417,-2.05,-3.46,,,,,3,4,,0,1,,861,844,,72.6,95.8,.445,.292,.522,49.1,46.2,11.8,9.9,.477,19.6,29.6,.312
94,Fresno State,12,6,6,.500,-2.44,-0.17,,,,,5,2,,0,2,,857,871,,68.0,104.6,.250,.353,.532,49.4,45.0,10.4,8.6,.513,14.6,29.0,.166
95,Furman,12,6,6,.500,0.28,-0.32,,,,,5,0,,1,4,,1027,963,,75.3,104.3,.301,.339,.551,46.5,49.7,10.7,10.2,.527,14.7,23.5,.205
96,Gardner-Webb,14,5,9,.357,-4.99,2.38,,,,,4,1,,0,5,,1026,1007,,71.3,99.1,.387,.364,.517,47.7,46.8,8.0,9.7,.481,14.4,23.6,.264
97,George Mason,12,10,2,.833,6.30,-0.61,,,,,7,0,,2,1,,885,785,,66.5,98.4,.300,.402,.481,45.9,53.0,10.8,10.2,.444,12.5,27.4,.211
98,George Washington,12,10,2,.833,3.11,-5.43,,,,,8,0,,0,1,,982,873,,74.1,95.1,.167,.394,.470,48.4,47.5,9.3,10.6,.447,13.1,28.4,.121
99,Georgetown,13,7,6,.538,-0.02,-1.41,,0,2,,6,3,,1,3,,958,940,,68.6,103.4,.288,.342,.518,48.2,46.7,12.2,9.6,.491,14.3,31.9,.197
100,Georgia,12,9,3,.750,7.86,3.03,,,,,8,0,,1,0,,887,829,,70.5,98.0,.263,.391,.479,51.3,52.7,8.2,10.0,.445,13.4,31.3,.187
101,Georgia Southern,12,0,12,.000,-14.93,-1.35,,,,,0,2,,0,7,,787,950,,69.0,114.7,.402,.402,.576,55.4,58.0,12.2,14.4,.543,15.7,37.3,.288
102,Georgia State,11,5,6,.455,-4.57,0.10,,,,,3,1,,2,5,,868,801,,71.1,101.3,.378,.357,.526,48.2,50.2,7.8,8.8,.485,14.9,26.6,.271
103,Georgia Tech,11,8,3,.727,4.75,3.38,,1,0,,5,1,,1,2,,796,781,,69.9,100.4,.319,.406,.488,45.3,43.3,11.4,9.7,.453,11.5,29.0,.219
104,Gonzaga,12,9,3,.750,14.94,2.12,,,,,6,0,,0,1,,1012,805,,72.1,93.1,.266,.370,.475,42.4,46.3,8.8,7.1,.438,14.4,26.1,.195
105,Grambling,12,2,10,.167,-16.69,5.91,,,,,2,0,,0,8,,764,935,,68.4,113.9,.346,.371,.593,53.1,62.0,11.7,7.3,.568,15.8,31.7,.245
106,Grand Canyon,11,10,1,.909,11.30,-0.97,,2,0,,6,0,,2,0,,877,742,,70.0,96.5,.335,.346,.503,43.7,49.4,9.8,6.1,.464,16.5,27.4,.239
107,Green Bay,13,6,7,.462,-7.18,0.10,,1,1,,4,1,,2,5,,826,857,,63.4,102.9,.362,.354,.509,49.7,53.7,10.8,14.3,.466,12.8,29.3,.262
108,Hampton,12,4,8,.333,-14.30,-2.86,,,,,3,2,,0,4,,965,903,,74.9,100.4,.362,.412,.524,47.1,45.0,10.1,5.6,.478,15.8,27.5,.272
109,Harvard,11,8,3,.727,-0.50,-2.00,,,,,5,0,,3,3,,818,775,,68.4,101.8,.230,.402,.487,51.8,50.5,8.9,10.5,.467,13.0,33.2,.146
110,Hawaii,11,8,3,.727,4.85,-2.48,,,,,6,2,,0,0,,839,732,,68.9,96.6,.309,.275,.505,48.9,34.3,8.4,7.7,.470,15.8,26.0,.218
111,High Point,14,10,4,.714,3.55,-3.37,,,,,7,0,,1,3,,1190,1004,,69.7,102.0,.307,.364,.523,41.2,48.5,7.9,7.3,.489,12.9,22.5,.220
112,Hofstra,12,7,5,.583,5.62,3.07,,,,,3,1,,1,4,,922,841,,67.7,102.4,.265,.406,.519,51.1,53.0,8.8,8.9,.486,15.4,30.4,.196
113,Holy Cross,12,2,10,.167,-19.52,-5.18,,,,,0,3,,1,6,,772,944,,66.1,119.0,.291,.383,.579,53.8,50.6,10.3,13.3,.552,11.5,32.1,.215
114,Houston,12,12,0,1.000,27.38,1.88,,,,,7,0,,1,0,,906,600,,64.9,77.0,.401,.413,.443,44.2,63.6,7.4,7.0,.404,24.3,28.4,.246
115,Houston Christian,11,2,9,.182,-16.70,7.86,,,,,2,2,,0,7,,766,915,,76.7,108.4,.279,.378,.542,49.6,59.8,13.0,11.7,.514,12.4,30.1,.198
116,Howard,13,4,9,.308,-6.00,-0.92,,,,,3,1,,1,6,,1008,1030,,71.9,107.2,.392,.338,.547,48.9,50.5,10.8,9.5,.516,14.8,30.4,.266
117,Idaho,12,6,6,.500,-7.22,-2.12,,,,,4,2,,1,4,,871,832,,67.5,101.7,.369,.384,.535,50.6,55.4,8.8,9.6,.504,16.0,26.7,.249
118,Idaho State,11,4,7,.364,-8.69,-1.25,,,,,3,0,,1,6,,751,728,,65.9,100.4,.287,.295,.528,47.8,47.6,11.9,6.7,.495,16.3,27.0,.209
119,Illinois,11,9,2,.818,19.90,3.90,,1,0,,6,1,,1,1,,891,715,,71.9,90.4,.250,.295,.444,42.8,39.8,9.6,8.4,.416,11.6,25.0,.163
120,Illinois State,12,8,4,.667,-1.95,-3.58,,2,0,,6,1,,1,1,,822,785,,67.9,96.4,.296,.372,.510,47.8,48.6,9.5,8.8,.472,16.8,25.7,.219
121,Illinois-Chicago,12,7,5,.583,4.03,-2.06,,0,1,,3,3,,2,1,,873,755,,69.1,91.1,.332,.318,.463,48.4,41.5,11.0,9.3,.414,15.4,28.2,.243
122,Incarnate Word,11,4,7,.364,-11.47,-3.97,,,,,2,1,,2,5,,824,858,,73.3,106.5,.362,.375,.538,50.5,52.8,10.8,11.9,.498,13.7,30.1,.266
123,Indiana,12,9,3,.750,5.59,3.51,,2,0,,7,1,,1,0,,892,867,,69.9,103.3,.287,.423,.518,49.3,53.8,9.9,7.5,.484,13.9,29.1,.209
124,Indiana State,12,11,1,.917,15.20,-0.98,,2,0,,5,0,,2,1,,1058,850,,73.2,96.7,.270,.324,.510,48.8,36.9,8.1,11.7,.479,17.0,26.8,.194
125,Iona,12,5,7,.417,-0.57,-0.49,,1,1,,3,2,,1,2,,861,862,,69.1,103.9,.432,.429,.558,51.4,55.4,9.3,12.6,.524,18.9,31.1,.296
126,Iowa,12,7,5,.583,14.01,4.92,,0,2,,5,1,,0,3,,1039,930,,74.8,103.6,.263,.362,.527,49.1,49.7,8.1,8.3,.501,15.4,30.3,.185
127,Iowa State,12,10,2,.833,25.75,-2.42,,,,,8,0,,1,0,,1036,698,,70.7,82.2,.330,.449,.492,44.9,57.0,8.7,6.8,.449,24.7,24.5,.240
128,IUPUI,13,4,9,.308,-21.73,-4.43,,0,2,,3,2,,1,5,,874,1009,,68.9,111.6,.346,.353,.593,52.5,55.3,9.5,7.4,.572,18.1,33.5,.237
129,Jackson State,12,4,8,.333,-8.83,3.17,,,,,0,0,,2,8,,831,975,,71.9,113.0,.414,.453,.582,51.7,61.5,11.7,10.2,.551,16.5,33.6,.290
130,Jacksonville,13,8,5,.615,-11.85,-2.12,,,,,5,0,,2,5,,978,981,,72.6,102.9,.404,.392,.526,47.6,55.7,11.4,8.2,.489,16.0,31.4,.276
131,Jacksonville State,13,6,7,.462,-1.22,-3.47,,,,,2,3,,3,4,,889,812,,66.2,93.4,.346,.326,.498,46.3,42.9,9.6,8.9,.459,17.3,25.9,.241
132,James Madison,12,12,0,1.000,11.59,-3.77,,,,,5,0,,5,0,,1111,871,,75.3,93.6,.337,.331,.502,46.1,42.3,8.1,6.3,.464,18.7,28.4,.238
133,Kansas,12,11,1,.917,16.78,4.05,,,,,7,0,,1,0,,949,782,,70.6,92.3,.227,.415,.471,46.1,46.8,10.0,7.4,.443,14.9,25.8,.158
134,Kansas City,13,5,8,.385,-9.40,0.00,,,,,4,0,,1,5,,923,910,,68.0,101.9,.413,.385,.536,45.7,54.8,9.9,8.8,.492,16.2,27.0,.299
135,Kansas State,12,9,3,.750,9.52,3.10,,,,,6,1,,1,0,,924,847,,69.3,97.7,.240,.383,.504,46.9,48.4,11.2,10.9,.474,16.2,30.9,.174
136,Kennesaw State,13,9,4,.692,-5.71,-5.01,,,,,5,0,,2,4,,1110,992,,77.7,97.3,.399,.357,.502,49.4,47.0,9.2,13.5,.457,17.0,30.4,.282
137,Kent State,11,7,4,.636,5.88,1.32,,,,,4,2,,1,1,,913,809,,72.0,99.9,.365,.437,.536,47.0,54.6,10.7,6.6,.511,18.6,29.6,.236
138,Kentucky,11,9,2,.818,18.07,1.16,,,,,6,1,,1,0,,997,811,,74.5,97.8,.306,.428,.524,48.4,54.9,7.5,6.8,.492,17.3,25.8,.216
139,La Salle,12,9,3,.750,-1.98,-3.62,,,,,7,0,,1,3,,946,862,,67.7,101.8,.282,.327,.516,50.9,52.5,6.1,7.8,.490,14.8,29.9,.190
140,Lafayette,12,1,11,.083,-14.37,-0.01,,,,,1,4,,0,5,,728,870,,68.4,106.0,.323,.384,.546,53.7,51.5,10.8,6.5,.508,15.9,31.1,.243
141,Lamar,12,5,7,.417,-8.62,-7.07,,,,,3,1,,0,6,,981,950,,74.9,104.6,.434,.427,.546,48.2,61.1,10.6,10.3,.504,16.8,30.4,.309
142,Le Moyne,13,5,8,.385,-14.57,-3.77,,,,,4,0,,1,8,,962,953,,71.4,102.6,.212,.445,.543,56.3,59.8,8.4,8.6,.522,19.4,33.9,.150
143,Lehigh,10,2,8,.200,-8.03,2.22,,,,,2,2,,0,6,,749,751,,74.7,100.5,.323,.362,.536,50.1,43.3,9.4,7.1,.502,16.3,25.3,.232
144,Liberty,13,10,3,.769,11.14,-0.13,,,,,5,1,,1,1,,1030,773,,65.4,90.9,.274,.320,.480,45.1,38.9,8.7,9.6,.442,16.1,23.5,.202
145,Lindenwood,13,6,7,.462,-15.73,-3.13,,,,,3,2,,1,5,,878,929,,69.6,102.7,.409,.426,.554,51.1,55.2,9.8,8.2,.519,16.6,25.8,.285
146,Lipscomb,14,8,6,.571,0.29,-1.63,,,,,5,0,,1,5,,1131,1023,,73.7,99.1,.223,.385,.509,50.6,42.3,7.7,9.6,.486,15.5,28.6,.154
147,Little Rock,13,6,7,.462,-5.49,-4.10,,,,,6,3,,0,3,,1025,1043,,72.0,109.3,.434,.366,.557,51.2,45.6,6.2,9.2,.514,15.7,33.3,.315
148,Long Beach State,12,8,4,.667,1.00,0.90,,,,,3,0,,4,2,,971,919,,75.9,99.9,.335,.474,.536,48.8,59.0,10.1,6.9,.510,18.6,29.8,.222
149,Long Island University,11,1,10,.091,-19.22,-1.13,,,,,0,1,,0,9,,685,884,,72.7,110.5,.429,.302,.552,56.4,53.2,11.5,11.3,.517,13.5,32.3,.296
150,Longwood,14,12,2,.857,0.06,-10.30,,,,,8,0,,4,2,,1108,862,,69.8,86.6,.289,.368,.484,40.4,49.4,8.8,5.4,.451,19.7,22.3,.198
151,Louisiana,12,7,5,.583,1.18,0.08,,,,,4,0,,1,4,,941,855,,69.2,103.0,.413,.310,.543,51.1,48.3,9.9,10.9,.505,19.4,35.7,.289
152,Louisiana State,12,7,5,.583,4.22,-0.79,,,,,5,2,,0,1,,902,842,,69.7,99.6,.298,.445,.524,49.6,50.9,10.8,10.0,.487,18.8,33.0,.222
153,Louisiana Tech,13,9,4,.692,7.04,1.32,,,,,7,0,,2,4,,986,826,,68.8,91.5,.326,.354,.478,45.9,46.9,9.1,10.0,.439,16.3,26.1,.226
154,Louisiana-Monroe,10,4,6,.400,-13.27,-1.15,,,,,3,1,,1,5,,712,733,,70.3,104.3,.426,.468,.537,47.4,63.6,11.0,8.4,.488,16.8,31.5,.315
155,Louisville,12,5,7,.417,-2.20,-1.36,,0,1,,5,3,,0,2,,895,905,,71.4,104.6,.327,.353,.543,48.0,52.0,9.1,9.9,.507,15.2,28.1,.240
156,Loyola (IL),12,7,5,.583,2.13,1.32,,,,,6,1,,0,2,,892,832,,70.1,98.9,.369,.376,.520,47.5,52.2,9.5,10.1,.477,15.0,23.4,.267
157,Loyola (MD),12,2,10,.167,-12.71,-3.43,,,,,1,3,,1,6,,807,875,,68.0,105.0,.331,.355,.533,49.8,50.8,11.6,11.6,.504,14.4,28.5,.226
158,Loyola Marymount,13,7,6,.538,3.25,-0.33,,,,,5,2,,1,1,,979,895,,69.6,98.9,.322,.287,.506,46.9,46.7,9.8,10.4,.463,13.8,25.7,.240
159,Maine,14,8,6,.571,-5.88,-6.19,,,,,3,1,,3,5,,970,914,,67.8,96.3,.335,.330,.510,52.4,51.8,8.3,8.6,.481,17.8,28.9,.221
160,Manhattan,10,4,6,.400,-13.62,-0.51,,1,1,,2,1,,2,5,,662,768,,71.5,106.1,.219,.350,.539,54.1,56.7,10.9,12.6,.514,14.8,30.9,.163
161,Marist,10,7,3,.700,-2.76,-9.56,,2,0,,3,0,,4,3,,672,604,,66.1,91.4,.382,.397,.491,49.5,42.6,10.3,6.2,.447,18.5,25.6,.265
162,Marquette,13,10,3,.769,19.17,7.01,,1,1,,7,0,,1,2,,1020,862,,70.4,94.2,.282,.430,.510,51.3,54.2,8.6,8.8,.481,19.8,29.8,.196
163,Marshall,13,5,8,.385,-3.01,1.91,,,,,3,3,,1,2,,995,1021,,75.0,104.7,.280,.373,.531,49.2,51.9,10.5,7.3,.503,14.7,29.3,.197
164,Maryland,12,8,4,.667,7.15,-1.60,,1,1,,7,0,,1,2,,876,771,,67.9,93.7,.340,.262,.493,49.0,45.1,8.9,10.1,.449,18.3,32.2,.247
165,Maryland-Baltimore County,14,5,9,.357,-13.54,-6.46,,,,,4,2,,1,7,,1100,1173,,76.6,109.4,.326,.312,.543,51.9,41.9,11.8,5.8,.507,13.4,31.6,.238
166,Maryland-Eastern Shore,10,2,8,.200,-17.73,2.71,,,,,2,1,,0,7,,625,791,,68.6,114.0,.347,.384,.577,54.6,53.0,10.7,6.8,.548,14.8,32.9,.248
167,Massachusetts,10,7,3,.700,9.17,-1.73,,,,,5,1,,0,1,,843,734,,72.8,99.6,.413,.384,.524,48.1,53.3,7.1,9.0,.474,18.0,32.2,.305
168,Massachusetts-Lowell,12,8,4,.667,-1.66,-6.26,,,,,3,1,,5,3,,934,795,,72.3,91.7,.256,.352,.468,44.2,45.8,12.2,7.4,.435,14.5,26.8,.179
169,McNeese State,12,10,2,.833,7.39,-0.61,,,,,7,0,,2,2,,963,693,,66.9,86.3,.231,.482,.465,45.7,58.4,6.4,9.1,.435,19.8,28.4,.162
170,Memphis,12,10,2,.833,13.68,7.27,,,,,5,0,,3,1,,950,873,,72.3,99.7,.283,.418,.511,51.2,50.5,9.5,11.2,.476,17.1,33.4,.207
171,Mercer,12,6,6,.500,-6.39,-2.09,,,,,4,2,,1,3,,836,863,,67.4,106.8,.433,.357,.564,49.9,46.1,10.4,6.8,.524,16.6,28.1,.312
172,Merrimack,13,6,7,.462,-1.74,1.63,,,,,4,0,,1,6,,902,914,,69.5,100.2,.328,.316,.515,54.8,57.5,10.3,9.4,.478,18.7,37.1,.234
173,Miami (FL),11,9,2,.818,11.96,-0.67,,1,0,,7,0,,0,1,,921,782,,72.0,98.7,.187,.426,.504,47.0,55.8,10.1,7.8,.482,15.6,29.2,.132
174,Miami (OH),11,5,6,.455,-5.16,-0.16,,,,,4,1,,1,5,,779,790,,68.9,104.2,.329,.324,.535,53.8,44.6,9.5,11.4,.502,16.1,31.6,.235
175,Michigan,12,6,6,.500,11.94,6.61,,1,1,,3,2,,2,1,,1005,941,,70.7,107.5,.277,.324,.532,47.5,42.7,9.8,10.9,.504,13.7,31.6,.197
176,Michigan State,12,7,5,.583,19.66,6.91,,0,2,,6,2,,0,1,,917,764,,67.9,92.7,.295,.415,.479,48.7,54.7,9.3,6.4,.441,16.5,29.5,.212
177,Middle Tennessee,13,5,8,.385,-6.57,-0.07,,,,,4,4,,0,2,,824,876,,64.8,101.2,.259,.309,.521,49.8,43.2,9.4,10.1,.498,15.1,29.7,.175
178,Milwaukee,12,5,7,.417,-11.05,-2.65,,0,1,,3,2,,1,4,,898,935,,69.2,111.6,.339,.385,.564,50.4,57.8,9.7,14.0,.534,15.1,34.0,.241
179,Minnesota,12,9,3,.750,9.44,-4.40,,1,1,,9,1,,0,1,,966,800,,69.3,96.3,.256,.293,.495,44.7,48.3,11.6,8.0,.463,15.2,27.6,.185
180,Mississippi,12,12,0,1.000,7.30,-1.71,,,,,8,0,,2,0,,911,803,,68.5,97.7,.277,.384,.494,51.2,51.2,10.1,7.1,.456,16.9,34.0,.206
181,Mississippi State,12,10,2,.833,14.59,1.84,,,,,4,1,,0,1,,906,753,,69.4,90.4,.329,.388,.477,43.7,45.8,10.7,6.9,.435,16.3,24.1,.233
182,Mississippi Valley State,12,0,12,.000,-27.81,7.69,,,,,0,0,,0,12,,585,1011,,65.8,126.7,.402,.425,.618,57.3,62.5,13.8,7.9,.594,13.3,39.5,.284
183,Missouri,12,7,5,.583,5.27,2.35,,,,,5,2,,2,1,,903,868,,69.4,104.2,.362,.381,.534,53.6,51.8,8.8,9.2,.492,17.2,34.6,.268
184,Missouri State,13,9,4,.692,4.76,-1.55,,1,1,,5,0,,1,4,,957,875,,70.0,95.2,.247,.348,.469,45.0,44.4,9.7,8.9,.434,11.5,24.0,.181
185,Monmouth,12,7,5,.583,-2.45,-1.36,,,,,4,1,,1,4,,872,885,,69.4,106.2,.345,.440,.545,51.5,55.8,10.0,10.4,.516,16.4,32.7,.235
186,Montana,11,7,4,.636,2.74,4.74,,,,,5,1,,2,3,,838,761,,69.1,100.1,.352,.363,.512,47.5,46.4,8.6,7.4,.473,13.1,24.4,.248
187,Montana State,11,5,6,.455,-4.69,0.44,,,,,4,3,,1,3,,813,797,,70.0,101.1,.346,.312,.531,54.8,45.9,8.8,7.2,.501,17.5,30.4,.234
188,Morehead State,13,9,4,.692,-0.59,3.63,,,,,6,0,,3,4,,1014,824,,68.1,93.1,.302,.393,.465,41.7,44.4,9.4,7.2,.422,13.2,25.8,.221
189,Morgan State,14,4,10,.286,-15.12,3.61,,,,,4,2,,0,6,,1044,1114,,73.1,108.8,.347,.339,.540,50.8,47.0,11.2,7.7,.510,14.1,33.1,.237
190,Mount St. Mary's,12,5,7,.417,-4.95,-8.20,,1,1,,3,1,,2,6,,887,848,,69.5,98.6,.388,.335,.533,47.9,52.4,13.0,7.5,.484,18.9,29.0,.293
191,Murray State,12,3,9,.250,-6.13,-0.40,,1,1,,3,3,,0,4,,855,885,,66.6,109.5,.271,.365,.568,51.0,48.0,7.4,10.4,.543,15.1,27.5,.196
192,Navy,10,3,7,.300,-7.24,-5.46,,,,,3,1,,0,6,,673,631,,67.9,91.7,.404,.452,.502,48.9,51.4,8.0,13.5,.459,19.7,27.4,.279
193,NC State,12,9,3,.750,9.45,-0.22,,1,0,,7,0,,1,1,,958,842,,70.2,98.9,.353,.363,.524,50.5,49.7,7.2,7.6,.490,17.9,29.5,.244
194,Nebraska,12,10,2,.833,11.30,0.55,,1,1,,8,1,,1,1,,918,789,,68.2,96.3,.241,.411,.472,46.7,43.9,9.4,12.1,.439,13.7,29.5,.175
195,Nevada,12,11,1,.917,14.73,0.32,,,,,7,0,,2,0,,951,778,,70.0,92.6,.309,.431,.483,47.7,53.8,6.9,7.2,.453,15.7,25.3,.201
196,Nevada-Las Vegas,10,5,5,.500,7.22,5.12,,,,,4,2,,1,0,,731,710,,65.7,105.5,.246,.343,.532,53.4,56.9,7.0,9.9,.506,15.9,34.0,.176
197,New Hampshire,12,8,4,.667,-3.05,-3.69,,,,,5,0,,3,4,,947,863,,75.0,95.9,.303,.376,.492,50.5,48.4,9.7,13.3,.451,14.3,25.7,.225
198,New Mexico,12,11,1,.917,16.80,0.72,,,,,6,0,,1,1,,1012,819,,74.6,91.5,.373,.360,.506,46.2,53.1,7.8,8.9,.460,19.6,25.4,.272
199,New Mexico State,14,5,9,.357,-8.21,6.20,,,,,5,1,,0,6,,997,1031,,70.9,102.1,.463,.424,.528,49.8,60.9,11.2,6.4,.486,15.9,27.9,.316
200,New Orleans,12,5,7,.417,-12.16,2.97,,,,,4,0,,1,6,,916,916,,75.3,100.3,.333,.371,.524,52.6,57.1,8.1,8.6,.498,18.1,32.9,.219
201,Niagara,11,3,8,.273,-12.40,-4.20,,0,2,,2,4,,1,4,,806,839,,68.5,110.1,.293,.287,.561,52.0,41.1,7.3,8.5,.535,12.8,28.2,.209
202,Nicholls State,12,4,8,.333,-5.32,4.48,,,,,2,0,,2,6,,865,919,,69.1,107.5,.370,.404,.516,54.0,50.8,10.1,13.8,.481,13.1,34.9,.252
203,NJIT,11,3,8,.273,-18.00,-4.40,,,,,2,2,,1,6,,796,856,,69.8,111.5,.411,.343,.555,52.6,53.2,10.0,10.3,.526,14.8,35.5,.274
204,Norfolk State,15,9,6,.600,-2.47,-2.31,,,,,5,0,,2,4,,1136,1001,,68.3,97.7,.459,.496,.530,48.8,58.8,7.9,8.6,.490,20.2,30.5,.311
205,North Alabama,13,6,7,.462,-6.73,-3.82,,,,,5,1,,1,6,,1012,967,,70.5,102.4,.388,.356,.531,49.8,53.3,8.6,7.8,.490,15.5,27.9,.277
206,North Carolina,11,8,3,.727,18.95,8.86,,1,0,,5,0,,0,0,,930,819,,72.9,101.0,.276,.395,.523,48.3,43.7,7.6,9.3,.491,15.4,27.8,.202
207,North Carolina A&T,12,2,10,.167,-15.78,-0.53,,,,,0,2,,1,5,,832,1015,,70.7,119.6,.309,.337,.599,58.6,55.0,8.8,11.5,.581,14.4,36.6,.212
208,North Carolina Central,14,7,7,.500,-7.70,-0.61,,,,,4,1,,3,5,,1056,966,,70.2,97.4,.350,.388,.514,51.9,56.1,9.0,11.4,.473,18.6,33.2,.253
209,North Dakota,13,8,5,.615,-9.28,-5.58,,,,,4,1,,2,4,,978,903,,69.0,99.7,.279,.339,.510,47.4,45.2,8.7,5.9,.476,14.4,27.1,.203
210,North Dakota State,13,7,6,.538,-4.55,2.05,,,,,5,0,,2,5,,998,914,,67.7,101.9,.257,.293,.518,46.9,45.0,6.9,9.9,.496,13.4,25.2,.172
211,North Florida,14,7,7,.500,-10.15,-4.15,,,,,6,2,,1,5,,1097,1033,,71.7,102.9,.341,.291,.538,49.7,46.9,10.1,15.3,.500,15.0,26.3,.251
212,North Texas,11,6,5,.545,7.65,0.55,,,,,5,0,,0,1,,750,650,,62.6,93.4,.344,.351,.480,47.4,47.8,10.5,9.3,.440,17.4,31.5,.237
213,Northeastern,12,5,7,.417,-1.75,-0.75,,,,,2,1,,2,5,,875,887,,66.1,111.9,.233,.382,.570,47.1,48.5,9.1,10.9,.546,13.8,28.9,.174
214,Northern Arizona,12,6,6,.500,-8.85,0.40,,,,,2,0,,3,5,,793,904,,71.1,106.0,.393,.374,.559,55.2,43.2,11.0,7.7,.517,17.1,30.8,.292
215,Northern Colorado,11,5,6,.455,-5.82,-0.04,,,,,3,1,,1,4,,846,848,,71.8,103.9,.287,.413,.553,50.7,49.8,11.0,10.1,.522,16.4,25.8,.212
216,Northern Illinois,11,6,5,.545,-1.12,4.33,,,,,3,2,,2,3,,885,838,,73.2,104.1,.293,.334,.510,49.9,53.5,8.6,3.6,.478,13.6,32.4,.207
217,Northern Iowa,13,6,7,.462,3.88,2.88,,0,2,,4,1,,1,4,,1011,959,,68.8,105.2,.350,.389,.555,48.5,42.5,9.1,9.8,.511,15.0,23.0,.271
218,Northern Kentucky,13,7,6,.538,-4.97,-2.97,,2,0,,5,1,,2,5,,953,923,,69.9,101.5,.263,.370,.540,51.8,56.9,9.2,7.7,.511,19.2,32.4,.192
219,Northwestern,11,9,2,.818,10.80,1.07,,1,0,,6,1,,1,0,,801,694,,64.6,96.5,.373,.417,.524,51.2,57.9,7.4,8.8,.480,19.3,29.2,.272
220,Northwestern State,12,2,10,.167,-20.92,-1.42,,,,,2,2,,0,6,,844,968,,70.5,114.4,.347,.382,.575,55.4,50.4,8.4,12.1,.547,16.1,38.9,.245
221,Notre Dame,12,5,7,.417,-2.11,1.89,,0,1,,4,3,,0,3,,751,799,,65.2,100.1,.271,.362,.521,48.9,49.3,10.3,9.4,.488,15.1,26.0,.200
222,Oakland,13,6,7,.462,3.71,5.71,,1,1,,1,2,,3,4,,930,956,,67.7,108.5,.293,.424,.562,50.5,64.4,7.9,8.0,.529,14.9,28.6,.221
223,Ohio,11,6,5,.545,-0.93,-4.03,,,,,4,2,,0,2,,883,772,,69.9,98.2,.365,.385,.517,49.2,39.7,7.0,8.8,.478,18.4,30.7,.258
224,Ohio State,12,10,2,.833,18.10,2.77,,1,1,,7,1,,0,1,,953,769,,67.5,94.9,.294,.348,.489,44.8,39.0,8.3,6.5,.464,15.9,28.3,.186
225,Oklahoma,11,10,1,.909,18.43,-1.48,,,,,7,0,,0,0,,913,694,,71.3,88.5,.300,.357,.474,43.0,40.2,9.7,11.0,.429,17.6,25.0,.225
226,Oklahoma State,11,6,5,.545,7.77,-0.14,,,,,5,2,,0,1,,822,735,,69.2,95.5,.303,.331,.518,46.4,40.8,10.8,7.5,.482,17.0,22.6,.221
227,Old Dominion,11,4,7,.364,-4.26,2.54,,,,,3,2,,0,4,,790,844,,69.3,109.5,.430,.456,.562,51.7,54.5,8.2,9.8,.523,15.3,30.4,.308
228,Omaha,13,6,7,.462,-10.51,-2.84,,,,,5,0,,0,6,,939,904,,68.9,100.9,.308,.422,.542,49.6,48.6,9.5,8.3,.502,16.6,24.7,.239
229,Oral Roberts,11,5,6,.455,-1.59,5.03,,,,,5,0,,0,6,,819,796,,68.1,105.0,.240,.384,.510,55.2,51.6,6.5,8.3,.479,14.7,35.3,.177
230,Oregon,11,8,3,.727,12.19,4.10,,,,,6,0,,1,0,,869,780,,70.8,99.1,.362,.348,.531,48.2,44.1,7.0,7.8,.494,17.3,25.8,.257
231,Oregon State,11,8,3,.727,0.09,0.99,,,,,8,0,,0,0,,787,760,,66.8,97.8,.346,.404,.500,49.0,54.6,10.4,8.5,.463,16.2,30.4,.237
232,Pacific,14,5,9,.357,-19.53,-6.45,,,,,4,4,,1,5,,893,1041,,70.5,104.5,.360,.374,.562,55.6,49.1,10.2,10.3,.529,16.3,27.4,.258
233,Penn State,12,6,6,.500,6.55,1.05,,1,1,,6,1,,0,1,,917,851,,70.3,98.8,.323,.340,.523,53.9,52.6,7.5,8.6,.482,19.4,34.9,.243
234,Pennsylvania,13,8,5,.615,0.30,-1.70,,,,,7,1,,1,2,,1052,931,,67.4,102.3,.241,.384,.526,45.5,52.0,9.5,9.6,.504,14.4,26.4,.165
235,Pepperdine,14,6,8,.429,-1.44,0.02,,,,,6,2,,0,3,,999,1006,,69.1,104.0,.382,.285,.567,48.0,47.9,9.9,5.1,.533,16.7,23.7,.274
236,Pittsburgh,12,9,3,.750,16.53,-1.14,,0,1,,7,2,,1,0,,973,761,,69.7,91.0,.277,.412,.482,43.3,51.1,7.5,9.7,.443,15.3,21.0,.205
237,Portland,14,6,8,.429,-7.21,0.63,,,,,5,2,,1,4,,1058,1112,,72.0,110.3,.267,.439,.556,49.8,57.9,9.1,6.1,.532,13.4,28.8,.189
238,Portland State,12,9,3,.750,-0.12,-1.90,,,,,4,0,,4,2,,886,803,,68.8,96.3,.272,.339,.506,49.1,49.8,7.4,10.6,.487,16.7,27.0,.170
239,Prairie View,11,5,6,.455,-9.73,3.27,,,,,2,0,,2,6,,783,846,,75.5,101.9,.504,.340,.559,53.5,47.8,9.4,10.6,.511,20.1,31.5,.363
240,Presbyterian,14,7,7,.500,-10.92,-7.42,,,,,3,3,,3,3,,1084,1017,,71.2,101.2,.396,.382,.540,49.5,45.3,8.2,9.3,.490,16.6,25.2,.303
241,Princeton,12,11,1,.917,11.29,1.49,,,,,5,0,,5,1,,932,751,,64.9,96.4,.256,.356,.501,46.2,45.4,8.5,10.5,.463,15.5,27.2,.197
242,Providence,13,11,2,.846,13.37,2.07,,2,0,,10,0,,0,1,,978,831,,70.1,89.5,.259,.306,.465,46.9,36.8,11.3,8.0,.425,15.5,25.0,.195
243,Purdue,12,11,1,.917,29.08,11.08,,1,1,,6,0,,0,1,,1048,832,,72.4,94.9,.229,.413,.487,42.6,57.9,10.7,5.2,.461,13.7,24.4,.156
244,Purdue Fort Wayne,13,11,2,.846,3.66,-4.71,,2,0,,6,0,,3,2,,1089,870,,73.7,90.8,.281,.378,.502,53.0,50.0,6.6,7.9,.473,21.0,29.6,.192
245,Queens (NC),14,6,8,.429,-9.59,0.50,,,,,5,1,,0,7,,1130,1138,,74.3,109.4,.290,.370,.560,49.4,46.3,8.9,13.5,.526,14.0,28.5,.222
246,Quinnipiac,12,9,3,.750,-5.91,-8.36,,1,1,,5,1,,4,2,,943,848,,72.4,96.7,.228,.374,.501,45.9,54.1,9.5,8.5,.478,14.6,24.0,.156
247,Radford,14,10,4,.714,-0.03,-2.11,,,,,5,0,,2,4,,1045,936,,67.3,99.3,.320,.382,.492,46.8,45.0,8.2,7.4,.453,13.5,29.1,.229
248,Rhode Island,12,5,7,.417,-3.73,0.09,,,,,5,2,,0,2,,864,868,,68.3,106.0,.239,.381,.517,46.6,50.3,11.1,12.0,.496,12.0,29.2,.159
249,Rice,13,6,7,.462,-2.29,1.29,,,,,5,2,,1,2,,960,959,,70.3,104.9,.254,.374,.535,48.9,49.3,9.5,9.0,.509,14.0,27.1,.181
250,Richmond,12,7,5,.583,7.65,-0.60,,,,,6,0,,0,3,,916,817,,69.0,98.7,.260,.427,.497,53.0,49.2,6.2,7.8,.468,14.4,28.4,.182
251,Rider,12,3,9,.250,-10.07,-1.34,,0,2,,2,2,,1,7,,861,911,,70.3,105.8,.409,.427,.540,46.5,53.1,11.1,8.7,.500,13.5,26.8,.289
252,Robert Morris,13,4,9,.308,-7.84,-1.30,,0,2,,3,4,,1,5,,941,954,,71.3,102.9,.363,.320,.547,49.3,51.0,11.3,7.2,.517,16.6,28.2,.249
253,Rutgers,11,7,4,.636,8.38,1.84,,0,1,,6,1,,1,1,,751,679,,68.4,90.3,.294,.372,.469,52.5,46.5,9.0,9.6,.435,19.4,34.4,.200
254,Sacramento State,11,3,8,.273,-12.40,-0.07,,,,,2,2,,1,4,,817,811,,70.7,104.2,.308,.360,.540,42.8,50.0,11.1,9.8,.513,13.2,22.7,.212
255,Sacred Heart,14,5,9,.357,-10.20,-4.43,,,,,3,3,,1,6,,1000,1031,,72.0,102.2,.321,.417,.536,53.5,56.0,9.3,7.3,.513,18.5,34.0,.211
256,Saint Francis (PA),12,4,8,.333,-15.06,-1.36,,,,,2,3,,2,5,,782,852,,67.8,104.7,.335,.367,.538,52.1,54.5,10.3,9.8,.512,17.6,36.1,.224
257,Saint Joseph's,12,9,3,.750,9.36,-1.56,,,,,6,1,,1,2,,916,785,,68.7,94.2,.309,.485,.481,48.8,57.2,11.2,12.9,.450,16.3,30.0,.202
258,Saint Louis,13,7,6,.538,-2.05,2.54,,,,,6,1,,0,3,,962,981,,70.0,107.8,.307,.399,.546,52.5,48.5,8.1,9.7,.518,14.2,29.8,.214
259,Saint Mary's (CA),14,8,6,.571,13.91,7.91,,,,,6,3,,1,0,,989,832,,64.5,90.5,.379,.294,.473,41.2,47.4,9.0,7.7,.428,15.7,23.9,.260
260,Saint Peter's,10,5,5,.500,-6.24,-4.02,,2,0,,2,1,,3,4,,629,646,,65.5,98.6,.533,.366,.533,47.4,51.2,11.0,9.8,.487,18.9,29.5,.362
261,Sam Houston,13,6,7,.462,-5.12,-2.87,,,,,3,2,,2,5,,924,934,,71.0,99.4,.360,.370,.540,49.9,57.7,10.1,11.3,.510,18.6,27.3,.245
262,Samford,13,11,2,.846,6.33,-3.49,,,,,9,0,,2,2,,1173,975,,77.5,96.8,.431,.361,.518,47.8,52.2,13.2,10.7,.472,19.6,32.3,.303
263,San Diego,13,9,4,.692,-1.64,-1.89,,,,,8,0,,0,3,,948,941,,72.1,100.3,.338,.399,.519,49.1,56.9,11.2,8.8,.489,15.9,28.3,.225
264,San Diego State,12,10,2,.833,15.58,7.98,,,,,6,0,,1,2,,926,796,,68.9,94.2,.279,.437,.497,47.5,50.9,8.0,6.9,.459,16.8,26.7,.208
265,San Francisco,14,10,4,.714,12.56,1.02,,,,,7,0,,1,2,,1066,847,,68.8,88.0,.364,.384,.495,44.3,43.6,10.0,5.7,.450,20.2,23.6,.260
266,San Jose State,13,7,6,.538,-0.52,-1.77,,,,,5,1,,0,4,,984,924,,68.2,102.2,.329,.337,.526,51.4,47.3,6.5,7.4,.495,15.3,28.2,.228
267,Santa Clara,14,9,5,.643,5.02,1.79,,,,,5,1,,1,2,,1099,1020,,71.2,102.3,.311,.392,.514,46.7,50.1,10.9,5.7,.478,13.7,28.4,.223
268,Seattle,12,7,5,.583,6.62,0.89,,1,1,,7,2,,0,3,,912,794,,69.1,92.9,.325,.362,.501,46.9,48.2,8.4,9.5,.465,17.2,25.4,.226
269,Seton Hall,13,8,5,.615,8.23,3.31,,1,1,,7,1,,0,2,,961,897,,67.4,102.4,.289,.407,.525,46.3,57.8,10.4,10.3,.488,16.8,32.0,.218
270,Siena,12,2,10,.167,-23.47,-5.55,,1,1,,2,3,,0,5,,708,923,,68.4,112.4,.265,.347,.566,48.9,48.6,13.9,10.1,.548,14.3,31.6,.180
271,South Alabama,12,7,5,.583,-4.72,-2.27,,,,,5,2,,2,3,,893,895,,69.1,104.7,.362,.366,.531,52.9,42.3,9.1,10.9,.499,14.7,30.2,.246
272,South Carolina,12,11,1,.917,9.80,-0.96,,,,,7,0,,1,1,,887,758,,65.4,96.7,.345,.328,.499,46.7,49.8,7.9,12.3,.456,14.8,25.9,.248
273,South Carolina State,14,4,10,.286,-15.57,-1.41,,,,,4,1,,0,9,,1004,1149,,72.9,111.6,.474,.387,.588,47.1,59.7,12.5,10.3,.541,17.2,30.9,.358
274,South Carolina Upstate,12,4,8,.333,-9.91,-0.81,,,,,2,2,,2,6,,843,841,,69.0,100.5,.421,.378,.541,52.9,47.1,8.4,9.7,.504,18.3,29.8,.290
275,South Dakota,13,7,6,.538,-11.20,-5.30,,,,,5,1,,1,4,,1029,982,,72.0,104.9,.261,.338,.510,45.6,50.1,10.1,9.9,.486,12.6,30.5,.175
276,South Dakota State,13,6,7,.462,-1.62,2.48,,,,,3,2,,1,1,,971,930,,70.3,101.8,.281,.430,.524,49.9,52.9,10.1,10.5,.490,15.2,28.0,.207
277,South Florida,10,6,4,.600,4.41,-2.69,,,,,5,2,,0,2,,769,698,,72.2,96.7,.373,.388,.525,49.6,56.9,8.7,8.2,.497,19.2,28.7,.241
278,Southeast Missouri State,12,4,8,.333,-18.45,0.22,,,,,4,1,,0,6,,834,896,,72.3,103.2,.459,.310,.556,51.4,49.7,10.4,8.5,.525,15.9,24.5,.304
279,Southeastern Louisiana,12,4,8,.333,-12.49,1.81,,,,,3,0,,1,6,,796,874,,68.3,106.6,.293,.450,.554,50.5,58.4,11.0,10.2,.520,16.1,30.9,.221
280,Southern,12,5,7,.417,-6.00,8.00,,,,,3,0,,2,7,,875,934,,74.0,104.1,.406,.394,.582,54.9,58.2,9.3,9.6,.553,21.4,32.5,.281
281,Southern California,11,6,5,.545,9.99,4.53,,,,,3,2,,1,1,,864,804,,71.7,100.8,.282,.384,.508,48.7,56.9,9.4,11.3,.476,15.1,31.0,.199
282,Southern Illinois,12,8,4,.667,9.14,-1.14,,0,1,,7,1,,0,2,,919,775,,66.2,97.5,.332,.310,.499,50.3,42.6,9.1,10.4,.463,15.5,30.6,.230
283,SIU Edwardsville,13,7,6,.538,-7.68,-1.98,,,,,5,0,,0,6,,939,904,,65.6,106.0,.323,.429,.541,49.2,53.7,8.0,8.6,.508,15.1,30.5,.232
284,Southern Indiana,13,3,10,.231,-12.16,4.44,,,,,3,3,,0,7,,844,917,,69.9,100.9,.376,.363,.511,49.3,53.5,9.8,7.2,.465,13.8,26.8,.275
285,Southern Methodist,13,9,4,.692,13.79,0.04,,,,,6,2,,2,1,,993,809,,68.7,90.6,.316,.372,.456,46.3,54.6,12.5,12.4,.411,16.3,31.9,.227
286,Southern Mississippi,12,6,6,.500,-8.94,-3.64,,,,,3,1,,3,2,,840,840,,68.7,101.8,.338,.411,.528,48.6,56.7,11.0,7.1,.494,16.8,29.7,.236
287,Southern Utah,12,4,8,.333,-3.70,0.21,,0,2,,3,1,,0,7,,919,927,,70.3,108.7,.297,.291,.569,51.8,46.6,7.9,9.1,.548,16.2,31.2,.203
288,St. Bonaventure,11,8,3,.727,8.97,-1.94,,,,,5,1,,2,0,,830,710,,66.7,96.9,.336,.393,.516,47.2,57.5,6.5,6.2,.483,18.3,27.9,.231
289,St. John's (NY),12,8,4,.667,14.73,4.98,,1,1,,5,1,,1,1,,946,829,,70.3,98.2,.375,.313,.509,45.8,48.6,8.8,7.3,.462,17.4,32.6,.275
290,St. Thomas,13,8,5,.615,-2.43,-3.73,,,,,5,0,,2,4,,943,812,,64.1,97.5,.331,.353,.516,48.6,52.7,9.0,7.6,.485,16.6,26.8,.224
291,Stanford,10,5,5,.500,5.44,1.64,,,,,5,1,,0,1,,784,746,,71.5,101.8,.230,.360,.516,50.5,42.5,9.0,5.9,.491,13.4,26.9,.163
292,Stephen F. Austin,12,7,5,.583,0.28,-1.32,,1,1,,3,2,,2,2,,935,834,,74.0,92.1,.440,.345,.518,45.6,46.3,11.8,8.3,.465,21.5,28.6,.321
293,Stetson,13,7,6,.538,-4.99,1.61,,,,,3,0,,2,6,,1021,907,,68.0,102.6,.257,.407,.497,49.0,58.9,8.9,8.2,.469,12.7,32.7,.177
294,Stonehill,14,2,12,.143,-21.40,0.06,,,,,2,2,,0,10,,895,1147,,71.2,115.0,.253,.484,.572,56.9,62.3,10.7,16.2,.546,14.7,34.7,.190
295,Stony Brook,12,6,6,.500,-7.09,-1.09,,,,,5,1,,1,5,,860,885,,69.0,105.9,.223,.426,.544,50.3,58.1,9.7,7.6,.524,15.7,29.5,.155
296,Syracuse,12,9,3,.750,8.95,4.68,,0,1,,6,0,,1,1,,938,842,,73.2,95.8,.261,.388,.501,50.2,52.2,9.4,6.2,.474,18.0,31.3,.178
297,Tarleton State,12,8,4,.667,-3.26,-0.14,,2,0,,4,1,,2,3,,843,756,,67.7,93.1,.369,.384,.509,48.0,55.7,9.5,10.1,.479,20.5,31.6,.239
298,TCU,11,9,2,.818,13.02,-5.35,,,,,6,0,,1,0,,973,771,,74.9,93.6,.371,.333,.519,43.9,52.0,9.7,7.1,.486,20.0,26.4,.250
299,Temple,12,6,6,.500,-1.96,0.04,,,,,3,2,,2,1,,906,898,,70.3,103.2,.308,.372,.534,50.2,52.2,8.7,9.9,.493,16.0,29.3,.237
300,Tennessee,12,9,3,.750,19.35,7.76,,,,,6,0,,1,1,,925,786,,70.5,92.9,.373,.400,.476,47.0,51.7,9.0,7.6,.433,15.7,27.7,.254
301,Tennessee State,13,7,6,.538,-6.95,-1.39,,,,,5,0,,1,5,,999,934,,71.4,99.7,.366,.353,.535,50.0,50.3,8.9,10.4,.495,18.5,29.7,.265
302,Tennessee Tech,13,5,8,.385,-14.30,-1.90,,,,,4,2,,1,6,,921,1000,,69.8,109.2,.220,.373,.559,52.9,54.1,9.1,10.6,.535,12.7,24.1,.164
303,Tennessee-Martin,13,7,6,.538,-7.04,-0.70,,,,,5,0,,2,5,,1106,1056,,77.9,102.3,.231,.417,.511,47.9,50.6,10.2,9.6,.483,12.5,25.4,.168
304,Texas,11,9,2,.818,11.01,-1.81,,,,,7,0,,0,1,,878,737,,70.3,95.3,.312,.307,.491,47.6,45.0,10.3,8.6,.450,16.1,29.1,.228
305,Texas A&M,12,8,4,.667,17.43,9.18,,,,,4,1,,2,1,,911,812,,65.3,103.6,.317,.444,.533,43.4,57.0,7.5,12.8,.499,16.0,29.8,.228
306,Texas A&M-Commerce,12,6,6,.500,-10.25,5.08,,,,,5,1,,1,5,,923,882,,70.9,101.5,.332,.360,.536,52.1,44.9,7.6,7.9,.499,17.0,30.1,.243
307,Texas A&M-Corpus Christi,12,6,6,.500,-9.70,-1.81,,,,,4,1,,2,4,,916,811,,73.7,91.7,.519,.405,.525,44.3,58.5,9.6,9.0,.468,20.6,20.8,.373
308,Texas Southern,10,1,9,.100,-9.92,7.68,,,,,0,1,,0,7,,614,790,,69.5,113.7,.428,.408,.567,54.0,57.7,9.8,11.8,.532,13.7,32.8,.301
309,Texas State,12,6,6,.500,-4.39,3.22,,,,,3,0,,3,4,,840,825,,69.3,99.2,.378,.337,.513,47.0,46.9,10.2,9.5,.467,16.4,30.3,.276
310,Texas Tech,11,9,2,.818,10.92,0.74,,,,,6,0,,0,1,,833,721,,67.4,96.1,.235,.425,.501,45.8,47.7,9.6,12.3,.478,16.2,27.7,.159
311,Texas-Rio Grande Valley,12,3,9,.250,-14.31,0.09,,0,2,,2,2,,1,5,,881,955,,75.9,104.8,.357,.314,.558,54.6,57.6,11.1,12.1,.516,18.5,33.2,.272
312,The Citadel,12,7,5,.583,-2.02,-4.72,,,,,3,1,,2,4,,848,775,,66.9,96.6,.216,.359,.496,46.0,50.0,8.7,11.8,.466,13.7,23.0,.162
313,Toledo,12,6,6,.500,3.06,3.98,,,,,4,2,,2,1,,947,958,,71.8,111.3,.269,.356,.596,50.9,47.9,9.1,7.5,.569,17.3,30.1,.206
314,Towson,12,6,6,.500,-1.39,0.37,,,,,4,0,,2,1,,785,806,,63.2,104.1,.328,.356,.537,42.1,52.3,11.2,11.3,.505,14.9,26.3,.233
315,Troy,12,6,6,.500,-4.97,-3.64,,,,,6,1,,0,5,,999,854,,72.5,95.2,.393,.347,.518,45.2,46.2,11.6,12.3,.478,18.7,28.1,.272
316,Tulane,11,8,3,.727,5.32,-2.77,,,,,6,1,,1,0,,983,894,,76.2,104.3,.303,.436,.547,54.5,53.9,9.0,6.3,.519,17.8,32.1,.214
317,Tulsa,11,8,3,.727,1.03,-7.34,,,,,8,0,,0,2,,831,739,,72.5,91.7,.300,.379,.482,51.0,51.3,9.7,8.2,.459,18.8,32.6,.183
318,UAB,12,7,5,.583,-2.63,-0.73,,,,,4,3,,2,1,,917,902,,68.4,107.8,.295,.378,.548,47.3,51.5,10.2,10.5,.519,15.0,30.5,.211
319,UC Davis,11,5,6,.455,-5.41,-3.19,,,,,3,3,,1,3,,790,752,,69.3,98.7,.398,.345,.557,48.2,47.3,9.6,7.4,.519,21.4,28.7,.285
320,UC Irvine,12,7,5,.583,10.29,3.84,,,,,3,0,,1,5,,951,820,,71.0,96.4,.346,.317,.512,45.5,51.7,7.5,7.9,.469,16.3,25.5,.255
321,UC Riverside,12,5,7,.417,-5.84,1.96,,,,,4,1,,0,6,,830,855,,67.1,106.2,.298,.352,.556,48.3,57.5,6.8,9.5,.524,14.7,24.9,.221
322,UC San Diego,12,6,6,.500,1.74,0.74,,,,,5,1,,1,4,,918,818,,68.2,98.9,.245,.383,.499,50.2,51.7,6.8,11.8,.471,15.2,31.0,.172
323,UC Santa Barbara,10,7,3,.700,0.60,-1.78,,,,,5,1,,1,2,,827,746,,72.3,103.2,.244,.344,.520,42.6,42.0,10.1,5.6,.503,11.7,22.6,.154
324,UCLA,11,5,6,.455,5.26,1.76,,,,,4,2,,0,1,,745,682,,66.7,92.9,.375,.468,.498,45.8,48.4,8.7,5.3,.457,17.0,25.1,.260
325,UNC Asheville,14,8,6,.571,-4.64,0.55,,,,,5,1,,0,3,,1140,1033,,72.5,100.0,.307,.361,.520,48.6,47.1,8.6,9.7,.490,16.4,29.7,.212
326,UNC Greensboro,12,9,3,.750,-0.24,-3.74,,,,,5,0,,1,3,,984,839,,69.3,99.9,.334,.452,.500,47.3,50.7,7.3,8.4,.460,13.4,26.4,.239
327,UNC Wilmington,11,9,2,.818,0.52,-1.74,,,,,3,0,,5,1,,939,777,,70.2,99.4,.304,.366,.531,50.2,48.2,6.0,7.0,.505,17.2,27.6,.205
328,UT Arlington,12,6,6,.500,-1.24,5.06,,1,1,,5,1,,0,5,,877,872,,71.1,102.2,.338,.352,.531,45.3,56.7,11.4,11.1,.495,15.1,26.5,.242
329,Utah,11,9,2,.818,19.04,6.85,,,,,6,0,,1,0,,887,753,,71.2,96.2,.219,.408,.497,46.0,52.3,8.4,5.7,.481,14.7,25.2,.136
330,Utah State,13,12,1,.923,12.57,1.75,,,,,6,0,,2,1,,1057,854,,70.9,91.8,.304,.366,.502,44.7,45.6,9.0,5.4,.466,17.9,22.6,.217
331,Utah Tech,12,5,7,.417,-7.59,-0.22,,2,0,,1,2,,4,5,,832,901,,70.8,104.9,.397,.381,.535,53.2,53.6,10.5,10.9,.499,16.7,34.0,.275
332,Utah Valley,12,6,6,.500,-1.94,2.56,,1,1,,4,1,,1,4,,817,819,,68.9,98.0,.323,.345,.524,50.9,55.7,8.6,9.6,.493,16.9,25.5,.221
333,UTEP,13,8,5,.615,-2.29,-0.39,,,,,7,1,,0,3,,1013,904,,73.6,94.5,.507,.351,.533,48.2,46.7,10.2,6.4,.477,22.0,29.6,.370
334,UTSA,12,5,7,.417,-11.33,-6.42,,,,,4,2,,1,5,,920,941,,72.2,107.5,.366,.353,.522,49.4,53.2,8.0,13.6,.487,11.4,29.9,.251
335,Valparaiso,12,4,8,.333,-8.91,-1.64,,0,2,,4,4,,0,4,,801,842,,69.6,100.7,.279,.353,.519,53.6,53.7,9.4,7.6,.494,17.3,33.7,.187
336,Vanderbilt,12,4,8,.333,-3.84,0.24,,,,,4,4,,0,1,,821,870,,68.0,106.6,.306,.355,.550,49.2,50.5,8.9,9.1,.513,14.3,25.9,.235
337,Vermont,14,9,5,.643,2.81,0.90,,,,,5,1,,2,3,,1027,904,,64.6,99.9,.272,.355,.501,48.9,41.6,8.1,6.0,.469,12.4,25.9,.193
338,Villanova,13,9,4,.692,15.50,5.42,,2,0,,4,1,,2,2,,957,826,,65.2,94.7,.282,.435,.503,46.5,54.0,8.6,14.3,.475,16.4,23.1,.191
339,Virginia,11,9,2,.818,13.72,3.54,,1,0,,7,0,,0,1,,722,610,,62.5,88.8,.256,.388,.459,51.9,55.7,9.5,6.5,.422,19.0,31.9,.180
340,Virginia Commonwealth,12,7,5,.583,10.28,3.37,,,,,6,3,,0,0,,872,789,,66.5,97.9,.367,.346,.492,47.0,45.0,11.9,5.8,.448,14.2,28.4,.259
341,VMI,13,3,10,.231,-15.33,-3.43,,,,,3,2,,0,6,,904,935,,71.7,100.2,.328,.406,.504,46.4,46.8,11.7,7.1,.476,13.7,27.1,.213
342,Virginia Tech,12,9,3,.750,13.00,3.16,,1,0,,7,0,,0,1,,891,773,,67.5,95.4,.290,.370,.511,46.8,48.0,8.8,9.5,.481,17.3,24.9,.200
343,Wagner,11,5,6,.455,-14.56,-5.23,,,,,3,1,,2,5,,697,697,,64.4,97.3,.333,.393,.516,51.3,61.1,6.7,9.6,.489,17.9,29.0,.218
344,Wake Forest,11,8,3,.727,11.28,-1.27,,,,,7,0,,0,1,,890,752,,69.1,97.9,.269,.337,.504,50.0,38.8,8.3,9.8,.471,15.8,30.2,.195
345,Washington,11,8,3,.727,14.29,5.74,,,,,6,1,,1,0,,913,819,,72.0,100.0,.356,.362,.501,47.8,49.3,8.5,6.8,.465,14.5,31.8,.242
346,Washington State,11,9,2,.818,12.61,-2.30,,,,,7,0,,0,0,,851,687,,68.0,91.8,.360,.349,.478,43.9,39.3,7.5,5.6,.422,15.3,23.7,.275
347,Weber State,11,7,4,.636,3.40,1.03,,,,,4,0,,2,2,,816,650,,66.4,88.1,.223,.367,.493,48.4,51.0,7.2,10.1,.480,18.4,21.1,.131
348,West Virginia,12,5,7,.417,4.25,5.34,,,,,5,4,,0,0,,813,826,,67.3,102.2,.206,.407,.502,49.8,50.2,8.8,9.9,.479,12.2,28.8,.144
349,Western Carolina,12,10,2,.833,-0.42,-4.22,,,,,5,0,,5,2,,913,796,,69.2,95.9,.331,.268,.486,45.6,32.1,7.5,8.1,.449,12.8,23.3,.226
350,Western Illinois,13,7,6,.538,-10.20,-1.09,,,,,5,1,,2,5,,935,872,,69.6,94.6,.246,.341,.471,44.3,46.8,11.2,7.6,.443,13.3,25.9,.165
351,Western Kentucky,13,10,3,.769,-1.40,-3.60,,,,,5,0,,4,1,,1039,947,,77.2,94.3,.337,.393,.500,48.2,49.1,8.3,9.4,.461,17.5,27.2,.237
352,Western Michigan,11,2,9,.182,-8.78,0.13,,,,,0,4,,0,5,,730,828,,67.3,110.7,.278,.434,.552,49.4,54.3,10.7,9.0,.530,14.4,32.1,.189
353,Wichita State,12,8,4,.667,5.67,2.48,,,,,6,0,,1,1,,912,847,,71.3,99.1,.242,.425,.491,44.6,53.3,10.2,9.6,.459,12.2,25.1,.177
354,William & Mary,12,5,7,.417,-10.87,-5.07,,,,,5,0,,0,5,,931,885,,69.0,105.9,.310,.412,.539,48.7,42.9,8.1,11.0,.501,13.1,25.4,.233
355,Winthrop,14,8,6,.571,0.17,-1.50,,,,,6,1,,2,5,,1071,956,,68.7,99.4,.320,.434,.513,48.6,54.3,10.9,15.2,.467,16.5,32.3,.247
356,Wisconsin,12,9,3,.750,17.53,8.28,,1,0,,6,1,,1,2,,890,779,,65.6,99.0,.332,.378,.539,45.5,43.9,6.6,9.4,.510,17.2,23.2,.229
357,Wofford,12,6,6,.500,-1.32,2.08,,,,,3,0,,3,3,,966,932,,71.4,106.6,.360,.423,.547,45.8,51.4,10.4,9.1,.505,12.2,22.4,.271
358,Wright State,12,6,6,.500,1.53,0.83,,1,0,,4,2,,0,3,,1009,936,,72.8,107.2,.301,.380,.559,47.8,52.5,8.5,5.1,.533,15.0,26.0,.213
359,Wyoming,12,7,5,.583,-2.46,-0.56,,,,,4,1,,0,3,,905,855,,70.7,100.7,.282,.375,.532,47.8,41.7,13.0,9.9,.489,18.0,30.6,.227
360,Xavier,13,7,6,.538,13.73,7.96,,1,1,,6,3,,0,2,,979,904,,71.8,96.8,.287,.316,.476,48.2,58.4,9.6,11.4,.444,14.3,31.1,.195
361,Yale,13,7,6,.538,0.11,1.21,,,,,3,1,,2,4,,975,879,,67.2,98.8,.236,.396,.512,47.0,53.3,8.1,7.4,.478,14.7,24.8,.183
362,Youngstown State,13,10,3,.769,1.42,-0.58,,2,0,,7,0,,3,3,,1060,883,,72.0,94.3,.249,.382,.484,44.5,56.6,7.3,8.7,.458,14.4,25.3,.165